tier,mode,examples_analyzed,included_leaf_count,skipped_empty_leaf_count,basic__AvgCorrectionAttemptsToSuccess,basic__AvgCorrectionLoops,basic__AvgModelCalls,basic__AvgReasoningTurns,basic__AvgReflectiveRefinementRounds,basic__AvgTotalTokens,basic__AvgWallTimeSeconds,basic__FinalPassRate,basic__Pass@1,basic__TotalCorrectionAttemptsToSuccess,basic__TotalEvaluatorAttempts,basic__TotalModelCalls,basic__TotalWallTimeSeconds
tier01,baseline_llm,116,20,0,1.0,1.0,15.732758620689655,1.0,0.0,10166.75,6.0996724137931055,0.9310344827586207,0.9310344827586207,108,116,1825,707.5620000000002
tier01,broadcast,116,20,0,1.008695652173913,1.0258620689655173,41.939655172413794,7.258620689655173,0.3448275862068966,39073.112068965514,13.873405172413788,0.9913793103448276,0.9827586206896551,116,119,4865,1609.3149999999994
tier01,per,116,20,0,1.0,1.0172413793103448,27.25862068965517,3.146551724137931,0.034482758620689655,38621.85344827586,68.31639655172414,0.9913793103448276,0.9913793103448276,115,121,3162,7924.702
tier01,single_agent,116,20,0,1.0434782608695652,1.0603448275862069,17.879310344827587,1.0603448275862069,0.0,12217.76724137931,6.667448275862072,0.9913793103448276,0.9482758620689655,120,123,2074,773.4240000000003
tier02,baseline_llm,517,60,0,1.0,1.0,12.147001934235977,1.0,0.0,11113.396518375243,11.534261121856874,0.8665377176015474,0.8665377176015474,448,517,6280,5963.213000000003
tier02,broadcast,517,60,0,1.0365853658536586,1.1315280464216635,66.13539651837525,11.005802707930368,1.1237911025145069,156346.4487427466,66.4344371373307,0.9516441005802708,0.9264990328820116,510,585,34192,34346.60399999998
tier02,per,517,60,0,1.044806517311609,1.1431334622823985,39.57640232108317,4.630560928433269,0.3597678916827853,121930.1411992263,107.12502901353973,0.9497098646034816,0.9148936170212766,513,708,20461,55383.64000000004
tier02,single_agent,517,60,0,1.0993788819875776,1.2243713733075434,15.967117988394584,1.2243713733075434,0.0,19198.027079303676,12.409607350096723,0.9342359767891683,0.8529980657640233,531,633,8255,6415.767000000005
tier03,baseline_llm,20,10,0,1.0,1.0,2.45,1.0,0.0,4512.5,26.429049999999997,0.6,0.6,12,20,49,528.5809999999999
tier03,broadcast,20,10,0,1.2352941176470589,1.5,46.6,26.3,5.05,203631.25,291.60884999999996,0.85,0.7,21,30,932,5832.177
tier03,per,20,10,0,1.0588235294117647,1.35,284.25,7.2,0.65,105536.25,295.86985,0.85,0.8,18,38,5685,5917.397
tier03,single_agent,20,10,0,1.3125,1.65,4.4,1.65,0.0,11628.8,43.02624999999999,0.8,0.6,21,33,88,860.5249999999999
tier04,baseline_llm,1106,116,4,1.0,1.0,10.33363471971067,1.0,0.0,17496.27034358047,69.21602712477393,0.6989150090415913,0.6989150090415913,773,1106,11429,76552.92599999996
tier04,broadcast,1106,116,0,1.0771484375,1.2197106690777577,105.6998191681736,17.321880650994576,2.4891500904159134,431527.5370705244,197.52183634719717,0.9258589511754068,0.8679927667269439,1103,1349,116904,218459.15100000007
tier04,per,1106,116,0,1.1212744090441933,1.3471971066907775,102.00271247739602,7.198915009041591,0.8779385171790235,318649.3119349005,173.79564647377939,0.879746835443038,0.7992766726943942,1091,2113,112815,192217.985
tier04,single_agent,1106,116,0,1.2373417721518987,1.4891500904159132,15.935804701627486,1.4891500904159132,0.0,38036.61211573237,30.520363471971038,0.8571428571428571,0.6943942133815552,1173,1647,17625,33755.52199999997
tier05,baseline_llm,1078,110,0,1.0,1.0,9.365491651205938,1.0,0.0,19742.64100185529,40.13451484230059,0.5640074211502782,0.5640074211502782,608,1078,10096,43265.007000000034
tier05,broadcast,1078,110,0,1.1279916753381893,1.3311688311688312,137.57513914656772,22.415584415584416,3.5269016697588125,676413.5890538034,270.7352124304267,0.891465677179963,0.8014842300556586,1084,1435,148306,291852.559
tier05,per,1078,110,0,1.1975308641975309,1.510204081632653,79.07513914656772,8.918367346938776,1.1799628942486085,464440.2133580705,235.22899814471288,0.826530612244898,0.699443413729128,1067,2492,85243,253576.86000000048
tier05,single_agent,1078,110,0,1.32541567695962,1.6920222634508348,17.554730983302413,1.6920222634508348,0.0,51672.82560296846,45.23142300556592,0.7810760667903525,0.5760667903525046,1116,1824,18924,48759.47400000007
tier06,baseline_llm,497,50,0,1.0,1.0,8.661971830985916,1.0,0.0,21927.386317907443,41.74972233400404,0.3782696177062374,0.3782696177062374,188,497,4305,20749.61200000001
tier06,broadcast,497,50,0,1.2475728155339805,1.5472837022132797,185.4426559356137,30.59758551307847,6.579476861167002,929829.0764587525,336.02904828973834,0.8289738430583501,0.6720321931589537,514,769,92165,167006.43699999995
tier06,per,497,50,0,1.2741116751269035,1.6317907444668007,158.5311871227364,10.507042253521126,1.6156941649899397,560605.8531187123,429.14006438631804,0.7927565392354124,0.6156941649899397,502,1322,78790,213282.61200000008
tier06,single_agent,497,50,0,1.5043731778425655,1.9678068410462777,20.462776659959758,1.9678068410462777,0.0,66776.32193158954,63.36937223340036,0.6901408450704225,0.4024144869215292,516,978,10170,31494.57799999998
tier07,baseline_llm,358,40,0,1.0,1.0,7.687150837988827,1.0,0.0,22156.36033519553,44.22827932960892,0.29329608938547486,0.29329608938547486,105,358,2752,15833.723999999993
tier07,broadcast,358,40,0,1.314878892733564,1.6396648044692737,218.15921787709496,35.365921787709496,8.335195530726256,1044015.2067039106,653.5318910614526,0.8072625698324022,0.6005586592178771,380,587,78101,233964.41700000004
tier07,per,358,40,0,1.3163636363636364,1.7067039106145252,100.99162011173185,11.452513966480447,1.9329608938547487,597743.282122905,472.73134916201144,0.7681564245810056,0.5837988826815642,362,1026,36155,169237.8230000001
tier07,single_agent,358,40,0,1.695852534562212,2.2094972067039107,21.97486033519553,2.2094972067039107,0.0,72761.8156424581,196.91632402234623,0.6061452513966481,0.27932960893854747,368,791,7867,70496.04399999995
tier08,baseline_llm,328,40,0,1.0,1.0,8.426829268292684,1.0,0.0,22163.048780487807,39.18587804878049,0.29878048780487804,0.29878048780487804,98,328,2764,12852.967999999999
tier08,broadcast,328,40,0,1.2852112676056338,1.5152439024390243,176.390243902439,31.85670731707317,8.076219512195122,863357.9634146341,531.8062987804879,0.8658536585365854,0.6585365853658537,365,498,57856,174432.46600000001
tier08,per,328,40,0,1.3576642335766422,1.6280487804878048,181.04268292682926,10.856707317073171,1.9481707317073171,536553.1341463415,404.23767073170734,0.8353658536585366,0.6036585365853658,372,890,59382,132589.956
tier08,single_agent,328,40,0,1.7356828193832599,2.125,22.079268292682926,2.125,0.0,68719.52134146342,210.6491646341465,0.6920731707317073,0.31402439024390244,394,697,7242,69092.92600000005
tier09,baseline_llm,146,20,0,1.0,1.0,6.657534246575342,1.0,0.0,20772.095890410958,36.516232876712316,0.2054794520547945,0.2054794520547945,30,146,972,5331.369999999998
tier09,broadcast,146,20,0,1.401639344262295,1.6643835616438356,197.22602739726028,40.32876712328767,9.58904109589041,1084256.8698630137,667.8511849315065,0.8356164383561644,0.5547945205479452,171,243,28795,97506.27299999994
tier09,per,146,20,0,1.425,1.7054794520547945,93.94520547945206,11.664383561643836,1.9109589041095891,544578.1643835617,795.2619383561648,0.821917808219178,0.5547945205479452,171,418,13716,116108.24300000006
tier09,single_agent,146,20,0,1.7916666666666667,2.2054794520547945,20.80821917808219,2.2054794520547945,0.0,66930.30821917808,299.80456849315055,0.6575342465753424,0.2876712328767123,172,322,3038,43771.46699999998
tier10,baseline_llm,15,10,0,1.0,1.0,1.9333333333333333,1.0,0.0,5899.533333333334,39.00553333333333,0.2,0.2,3,15,29,585.083
tier10,broadcast,15,10,0,1.5,1.6,54.86666666666667,38.733333333333334,7.133333333333334,289044.8,518.7796666666667,0.9333333333333333,0.6,21,24,823,7781.695
tier10,per,15,10,0,1.2727272727272727,1.7333333333333334,41.86666666666667,12.133333333333333,1.7333333333333334,202418.13333333333,2021.2598666666668,0.7333333333333333,0.6,14,46,628,30318.898
tier10,single_agent,15,10,0,1.75,2.3333333333333335,5.8,2.3333333333333335,0.0,20366.4,360.2794666666667,0.5333333333333333,0.26666666666666666,14,35,87,5404.192
